scope	country	zone	w_from	w_to	price
DE	Deutschland	1	0.01	30	26.51
DE	Deutschland	1	1	2	3
DE	Deutschland	1	30.01	50	27.78
DE	Deutschland	1	50.01	100	29.63
DE	Deutschland	1	100.01	150	32.06
DE	Deutschland	1	150.01	200	37.7
DE	Deutschland	1	200.01	300	50.99
DE	Deutschland	1	300.01	400	52.06
DE	Deutschland	1	400.01	500	53.17
DE	Deutschland	1	500.01	600	56.43
DE	Deutschland	1	600.01	700	61.98
DE	Deutschland	1	700.01	800	67.67
DE	Deutschland	1	800.01	900	73.22
DE	Deutschland	1	900.01	1000	78.52
DE	Deutschland	1	1000.01	1100	82.22
DE	Deutschland	1	1100.01	1200	86.99
DE	Deutschland	1	1200.01	1300	92.05
DE	Deutschland	1	1300.01	1400	96.91
DE	Deutschland	1	1400.01	1500	100.41
DE	Deutschland	1	1500.01	1600	105.91
DE	Deutschland	1	1600.01	1700	109.37
DE	Deutschland	1	1700.01	1800	114.42
DE	Deutschland	1	1800.01	1900	117.83
DE	Deutschland	1	1900.01	2000	122.94
DE	Deutschland	1	2000.01	2100	127.71
DE	Deutschland	1	2100.01	2200	131.79
DE	Deutschland	1	2200.01	2300	136.46
DE	Deutschland	1	2300.01	2400	141.52
DE	Deutschland	1	2400.01	2500	144.88
DE	Deutschland	1	2500.01	3000	170.03
DE	Deutschland	1	3000.01	3500	187.59
DE	Deutschland	1	3500.01	4000	211.24
DE	Deutschland	1	4000.01	4500	234.78
DE	Deutschland	1	4500.01	5000	252.64
DE	Deutschland	2	0.01	30	29.92
DE	Deutschland	2	1	2	4
DE	Deutschland	2	30.01	50	31.48
DE	Deutschland	2	50.01	100	33.96
DE	Deutschland	2	100.01	150	37.12
DE	Deutschland	2	150.01	200	44.27
DE	Deutschland	2	200.01	300	58.67
DE	Deutschland	2	300.01	400	59.89
DE	Deutschland	2	400.01	500	60.62
DE	Deutschland	2	500.01	600	65.82
DE	Deutschland	2	600.01	700	72.49
DE	Deutschland	2	700.01	800	79.35
DE	Deutschland	2	800.01	900	85.96
DE	Deutschland	2	900.01	1000	92.29
DE	Deutschland	2	1000.01	1100	97.11
DE	Deutschland	2	1100.01	1200	103.14
DE	Deutschland	2	1200.01	1300	109.56
DE	Deutschland	2	1300.01	1400	115.5
DE	Deutschland	2	1400.01	1500	120.07
DE	Deutschland	2	1500.01	1600	126.78
DE	Deutschland	2	1600.01	1700	131.31
DE	Deutschland	2	1700.01	1800	137.39
DE	Deutschland	2	1800.01	1900	141.91
DE	Deutschland	2	1900.01	2000	148.14
DE	Deutschland	2	2000.01	2100	154.42
DE	Deutschland	2	2100.01	2200	159.72
DE	Deutschland	2	2200.01	2300	165.65
DE	Deutschland	2	2300.01	2400	171.93
DE	Deutschland	2	2400.01	2500	176.36
DE	Deutschland	2	2500.01	3000	206.28
DE	Deutschland	2	3000.01	3500	229.09
DE	Deutschland	2	3500.01	4000	258.67
DE	Deutschland	2	4000.01	4500	288.15
DE	Deutschland	2	4500.01	5000	310.73
DE	Deutschland	3	0.01	30	30.21
DE	Deutschland	3	1	2	5
DE	Deutschland	3	30.01	50	31.77
DE	Deutschland	3	50.01	100	34.25
DE	Deutschland	3	100.01	150	37.46
DE	Deutschland	3	150.01	200	44.66
DE	Deutschland	3	200.01	300	59.45
DE	Deutschland	3	300.01	400	60.67
DE	Deutschland	3	400.01	500	61.15
DE	Deutschland	3	500.01	600	67.82
DE	Deutschland	3	600.01	700	75.7
DE	Deutschland	3	700.01	800	83.73
DE	Deutschland	3	800.01	900	91.56
DE	Deutschland	3	900.01	1000	98.91
DE	Deutschland	3	1000.01	1100	105.04
DE	Deutschland	3	1100.01	1200	112.09
DE	Deutschland	3	1200.01	1300	119.48
DE	Deutschland	3	1300.01	1400	126.44
DE	Deutschland	3	1400.01	1500	132.28
DE	Deutschland	3	1500.01	1600	140.11
DE	Deutschland	3	1600.01	1700	145.9
DE	Deutschland	3	1700.01	1800	153
DE	Deutschland	3	1800.01	1900	158.84
DE	Deutschland	3	1900.01	2000	166.19
DE	Deutschland	3	2000.01	2100	173.24
DE	Deutschland	3	2100.01	2200	179.37
DE	Deutschland	3	2200.01	2300	186.28
DE	Deutschland	3	2300.01	2400	193.63
DE	Deutschland	3	2400.01	2500	199.32
DE	Deutschland	3	2500.01	3000	232.84
DE	Deutschland	3	3000.01	3500	262.03
DE	Deutschland	3	3500.01	4000	296.96
DE	Deutschland	3	4000.01	4500	331.79
DE	Deutschland	3	4500.01	5000	358.21
DE	Deutschland	4	0.01	30	31.09
DE	Deutschland	4	1	2	6
DE	Deutschland	4	30.01	50	33.03
DE	Deutschland	4	50.01	100	35.95
DE	Deutschland	4	100.01	150	39.8
DE	Deutschland	4	150.01	200	47.92
DE	Deutschland	4	200.01	300	64.95
DE	Deutschland	4	300.01	400	66.31
DE	Deutschland	4	400.01	500	66.75
DE	Deutschland	4	500.01	600	74.14
DE	Deutschland	4	600.01	700	82.41
DE	Deutschland	4	700.01	800	90.83
DE	Deutschland	4	800.01	900	99
DE	Deutschland	4	900.01	1000	106.79
DE	Deutschland	4	1000.01	1100	113.16
DE	Deutschland	4	1100.01	1200	120.75
DE	Deutschland	4	1200.01	1300	128.73
DE	Deutschland	4	1300.01	1400	136.07
DE	Deutschland	4	1400.01	1500	142.16
DE	Deutschland	4	1500.01	1600	150.47
DE	Deutschland	4	1600.01	1700	156.56
DE	Deutschland	4	1700.01	1800	164.05
DE	Deutschland	4	1800.01	1900	170.08
DE	Deutschland	4	1900.01	2000	177.86
DE	Deutschland	4	2000.01	2100	185.65
DE	Deutschland	4	2100.01	2200	192.31
DE	Deutschland	4	2200.01	2300	199.76
DE	Deutschland	4	2300.01	2400	207.54
DE	Deutschland	4	2400.01	2500	213.48
DE	Deutschland	4	2500.01	3000	249.09
DE	Deutschland	4	3000.01	3500	279.59
DE	Deutschland	4	3500.01	4000	316.71
DE	Deutschland	4	4000.01	4500	353.73
DE	Deutschland	4	4500.01	5000	382.29
DE	Deutschland	5	0.01	30	31.72
DE	Deutschland	5	1	2	7
DE	Deutschland	5	30.01	50	33.67
DE	Deutschland	5	50.01	100	36.63
DE	Deutschland	5	100.01	150	40.53
DE	Deutschland	5	150.01	200	48.8
DE	Deutschland	5	200.01	300	66.21
DE	Deutschland	5	300.01	400	67.57
DE	Deutschland	5	400.01	500	68.01
DE	Deutschland	5	500.01	600	75.6
DE	Deutschland	5	600.01	700	83.97
DE	Deutschland	5	700.01	800	92.58
DE	Deutschland	5	800.01	900	100.95
DE	Deutschland	5	900.01	1000	109.17
DE	Deutschland	5	1000.01	1100	116.13
DE	Deutschland	5	1100.01	1200	124.2
DE	Deutschland	5	1200.01	1300	132.57
DE	Deutschland	5	1300.01	1400	140.4
DE	Deutschland	5	1400.01	1500	147.07
DE	Deutschland	5	1500.01	1600	155.78
DE	Deutschland	5	1600.01	1700	162.39
DE	Deutschland	5	1700.01	1800	170.42
DE	Deutschland	5	1800.01	1900	176.99
DE	Deutschland	5	1900.01	2000	185.21
DE	Deutschland	5	2000.01	2100	193.29
DE	Deutschland	5	2100.01	2200	200.34
DE	Deutschland	5	2200.01	2300	208.17
DE	Deutschland	5	2300.01	2400	216.4
DE	Deutschland	5	2400.01	2500	222.91
DE	Deutschland	5	2500.01	3000	259.94
DE	Deutschland	5	3000.01	3500	293.21
DE	Deutschland	5	3500.01	4000	332.57
DE	Deutschland	5	4000.01	4500	371.83
DE	Deutschland	5	4500.01	5000	402.34
DE	Deutschland	6	0.01	30	31.96
DE	Deutschland	6	1	2	8
DE	Deutschland	6	30.01	50	33.96
DE	Deutschland	6	50.01	100	36.97
DE	Deutschland	6	100.01	150	40.91
DE	Deutschland	6	150.01	200	49.23
DE	Deutschland	6	200.01	300	68.06
DE	Deutschland	6	300.01	400	69.52
DE	Deutschland	6	400.01	500	70.35
DE	Deutschland	6	500.01	600	78.72
DE	Deutschland	6	600.01	700	87.91
DE	Deutschland	6	700.01	800	97.35
DE	Deutschland	6	800.01	900	106.49
DE	Deutschland	6	900.01	1000	115.2
DE	Deutschland	6	1000.01	1100	122.6
DE	Deutschland	6	1100.01	1200	131.06
DE	Deutschland	6	1200.01	1300	139.92
DE	Deutschland	6	1300.01	1400	148.19
DE	Deutschland	6	1400.01	1500	155.24
DE	Deutschland	6	1500.01	1600	164.49
DE	Deutschland	6	1600.01	1700	171.49
DE	Deutschland	6	1700.01	1800	179.96
DE	Deutschland	6	1800.01	1900	186.91
DE	Deutschland	6	1900.01	2000	195.62
DE	Deutschland	6	2000.01	2100	204.23
DE	Deutschland	6	2100.01	2200	211.77
DE	Deutschland	6	2200.01	2300	220.04
DE	Deutschland	6	2300.01	2400	228.75
DE	Deutschland	6	2400.01	2500	235.66
DE	Deutschland	6	2500.01	3000	274.58
DE	Deutschland	6	3000.01	3500	309.85
DE	Deutschland	6	3500.01	4000	351.5
DE	Deutschland	6	4000.01	4500	393.09
DE	Deutschland	6	4500.01	5000	425.74
DE	Deutschland	7	0.01	30	32.25
DE	Deutschland	7	1	2	9
DE	Deutschland	7	30.01	50	34.3
DE	Deutschland	7	50.01	100	37.31
DE	Deutschland	7	100.01	150	41.5
DE	Deutschland	7	150.01	200	50.64
DE	Deutschland	7	200.01	300	71.52
DE	Deutschland	7	300.01	400	73.02
DE	Deutschland	7	400.01	500	74.14
DE	Deutschland	7	500.01	600	83.34
DE	Deutschland	7	600.01	700	93.26
DE	Deutschland	7	700.01	800	103.48
DE	Deutschland	7	800.01	900	113.35
DE	Deutschland	7	900.01	1000	122.84
DE	Deutschland	7	1000.01	1100	130.97
DE	Deutschland	7	1100.01	1200	140.21
DE	Deutschland	7	1200.01	1300	149.89
DE	Deutschland	7	1300.01	1400	158.89
DE	Deutschland	7	1400.01	1500	166.72
DE	Deutschland	7	1500.01	1600	176.7
DE	Deutschland	7	1600.01	1700	184.48
DE	Deutschland	7	1700.01	1800	193.68
DE	Deutschland	7	1800.01	1900	201.41
DE	Deutschland	7	1900.01	2000	210.85
DE	Deutschland	7	2000.01	2100	220.24
DE	Deutschland	7	2100.01	2200	228.56
DE	Deutschland	7	2200.01	2300	237.61
DE	Deutschland	7	2300.01	2400	247.04
DE	Deutschland	7	2400.01	2500	254.68
DE	Deutschland	7	2500.01	3000	296.47
DE	Deutschland	7	3000.01	3500	335.54
DE	Deutschland	7	3500.01	4000	380.98
DE	Deutschland	7	4000.01	4500	426.37
DE	Deutschland	7	4500.01	5000	462.47
DE	Deutschland	8	0.01	30	32.55
DE	Deutschland	8	1	2	10
DE	Deutschland	8	30.01	50	34.59
DE	Deutschland	8	50.01	100	37.66
DE	Deutschland	8	100.01	150	41.84
DE	Deutschland	8	150.01	200	51.13
DE	Deutschland	8	200.01	300	72.15
DE	Deutschland	8	300.01	400	73.66
DE	Deutschland	8	400.01	500	74.82
DE	Deutschland	8	500.01	600	84.07
DE	Deutschland	8	600.01	700	94.28
DE	Deutschland	8	700.01	800	104.99
DE	Deutschland	8	800.01	900	115.35
DE	Deutschland	8	900.01	1000	125.27
DE	Deutschland	8	1000.01	1100	133.98
DE	Deutschland	8	1100.01	1200	143.71
DE	Deutschland	8	1200.01	1300	153.88
DE	Deutschland	8	1300.01	1400	163.37
DE	Deutschland	8	1400.01	1500	171.73
DE	Deutschland	8	1500.01	1600	182.15
DE	Deutschland	8	1600.01	1700	190.46
DE	Deutschland	8	1700.01	1800	200.15
DE	Deutschland	8	1800.01	1900	208.42
DE	Deutschland	8	1900.01	2000	218.24
DE	Deutschland	8	2000.01	2100	228.02
DE	Deutschland	8	2100.01	2200	236.78
DE	Deutschland	8	2200.01	2300	246.27
DE	Deutschland	8	2300.01	2400	256.14
DE	Deutschland	8	2400.01	2500	264.32
DE	Deutschland	8	2500.01	3000	307.52
DE	Deutschland	8	3000.01	3500	349.36
DE	Deutschland	8	3500.01	4000	397.08
DE	Deutschland	8	4000.01	4500	444.71
DE	Deutschland	8	4500.01	5000	482.85
DE	Deutschland	9	0.01	30	32.84
DE	Deutschland	9	1	2	11
DE	Deutschland	9	30.01	50	34.88
DE	Deutschland	9	50.01	100	38
DE	Deutschland	9	100.01	150	42.52
DE	Deutschland	9	150.01	200	52.4
DE	Deutschland	9	200.01	300	76.43
DE	Deutschland	9	300.01	400	78.03
DE	Deutschland	9	400.01	500	79.88
DE	Deutschland	9	500.01	600	90.54
DE	Deutschland	9	600.01	700	101.92
DE	Deutschland	9	700.01	800	113.55
DE	Deutschland	9	800.01	900	124.88
DE	Deutschland	9	900.01	1000	135.78
DE	Deutschland	9	1000.01	1100	145.32
DE	Deutschland	9	1100.01	1200	155.92
DE	Deutschland	9	1200.01	1300	166.92
DE	Deutschland	9	1300.01	1400	177.33
DE	Deutschland	9	1400.01	1500	186.52
DE	Deutschland	9	1500.01	1600	197.91
DE	Deutschland	9	1600.01	1700	207.01
DE	Deutschland	9	1700.01	1800	217.66
DE	Deutschland	9	1800.01	1900	226.76
DE	Deutschland	9	1900.01	2000	237.51
DE	Deutschland	9	2000.01	2100	248.16
DE	Deutschland	9	2100.01	2200	257.75
DE	Deutschland	9	2200.01	2300	268.11
DE	Deutschland	9	2300.01	2400	278.91
DE	Deutschland	9	2400.01	2500	287.86
DE	Deutschland	9	2500.01	3000	334.61
DE	Deutschland	9	3000.01	3500	380.64
DE	Deutschland	9	3500.01	4000	432.84
DE	Deutschland	9	4000.01	4500	484.99
DE	Deutschland	9	4500.01	5000	527.27
DE	Deutschland	10	0.01	30	33.42
DE	Deutschland	10	1	2	12
DE	Deutschland	10	30.01	50	36.2
DE	Deutschland	10	50.01	100	40.33
DE	Deutschland	10	100.01	150	45.73
DE	Deutschland	10	150.01	200	56.14
DE	Deutschland	10	200.01	300	79.98
DE	Deutschland	10	300.01	400	81.63
DE	Deutschland	10	400.01	500	83.73
DE	Deutschland	10	500.01	600	94.48
DE	Deutschland	10	600.01	700	105.96
DE	Deutschland	10	700.01	800	117.73
DE	Deutschland	10	800.01	900	129.12
DE	Deutschland	10	900.01	1000	140.11
DE	Deutschland	10	1000.01	1100	149.6
DE	Deutschland	10	1100.01	1200	160.3
DE	Deutschland	10	1200.01	1300	171.44
DE	Deutschland	10	1300.01	1400	181.95
DE	Deutschland	10	1400.01	1500	191
DE	Deutschland	10	1500.01	1600	202.53
DE	Deutschland	10	1600.01	1700	211.58
DE	Deutschland	10	1700.01	1800	222.28
DE	Deutschland	10	1800.01	1900	231.28
DE	Deutschland	10	1900.01	2000	242.13
DE	Deutschland	10	2000.01	2100	253.03
DE	Deutschland	10	2100.01	2200	262.71
DE	Deutschland	10	2200.01	2300	273.17
DE	Deutschland	10	2300.01	2400	284.07
DE	Deutschland	10	2400.01	2500	292.92
DE	Deutschland	10	2500.01	3000	340.45
DE	Deutschland	10	3000.01	3500	385.99
DE	Deutschland	10	3500.01	4000	438.58
DE	Deutschland	10	4000.01	4500	491.12
DE	Deutschland	10	4500.01	5000	533.79
EU	Frankreich	1	0.01	50	26.85
EU	Frankreich	1	50.01	100	38.82
EU	Frankreich	1	100.01	150	55.07
EU	Frankreich	1	150.01	200	71.42
EU	Frankreich	1	200.01	300	106.06
EU	Frankreich	1	300.01	400	141.18
EU	Frankreich	1	400.01	500	176.11
EU	Frankreich	1	500.01	600	191.68
EU	Frankreich	1	600.01	700	223.21
EU	Frankreich	1	700.01	800	254.54
EU	Frankreich	1	800.01	900	285.87
EU	Frankreich	1	900.01	1000	317
EU	Frankreich	1	1000.01	1100	323.52
EU	Frankreich	1	1100.01	1200	333.74
EU	Frankreich	1	1200.01	1300	360.98
EU	Frankreich	1	1300.01	1400	387.74
EU	Frankreich	1	1400.01	1500	414.98
EU	Frankreich	1	1500.01	1600	441.74
EU	Frankreich	1	1600.01	1700	468.5
EU	Frankreich	1	1700.01	1800	495.26
EU	Frankreich	1	1800.01	1900	521.53
EU	Frankreich	1	1900.01	2000	547.8
EU	Frankreich	1	2000.01	2100	559.48
EU	Frankreich	1	2100.01	2200	571.15
EU	Frankreich	1	2200.01	2300	583.31
EU	Frankreich	1	2300.01	2400	583.8
EU	Frankreich	1	2400.01	2500	607.15
EU	Frankreich	1	2500.01	3000	708.83
EU	Frankreich	1	3000.01	3500	786.67
EU	Frankreich	1	3500.01	4000	849.92
EU	Frankreich	1	4000.01	4500	867.92
EU	Frankreich	1	4500.01	5000	895.65
EU	Frankreich	2	0.01	50	30.84
EU	Frankreich	2	50.01	100	46.61
EU	Frankreich	2	100.01	150	66.75
EU	Frankreich	2	150.01	200	86.99
EU	Frankreich	2	200.01	300	129.41
EU	Frankreich	2	300.01	400	172.22
EU	Frankreich	2	400.01	500	214.84
EU	Frankreich	2	500.01	600	234.2
EU	Frankreich	2	600.01	700	272.73
EU	Frankreich	2	700.01	800	311.07
EU	Frankreich	2	800.01	900	349.31
EU	Frankreich	2	900.01	1000	387.35
EU	Frankreich	2	1000.01	1100	395.52
EU	Frankreich	2	1100.01	1200	414.5
EU	Frankreich	2	1200.01	1300	448.07
EU	Frankreich	2	1300.01	1400	481.64
EU	Frankreich	2	1400.01	1500	515.2
EU	Frankreich	2	1500.01	1600	548.77
EU	Frankreich	2	1600.01	1700	581.85
EU	Frankreich	2	1700.01	1800	614.94
EU	Frankreich	2	1800.01	1900	647.53
EU	Frankreich	2	1900.01	2000	680.61
EU	Frankreich	2	2000.01	2100	694.72
EU	Frankreich	2	2100.01	2200	709.32
EU	Frankreich	2	2200.01	2300	724.4
EU	Frankreich	2	2300.01	2400	737.05
EU	Frankreich	2	2400.01	2500	766.24
EU	Frankreich	2	2500.01	3000	898.08
EU	Frankreich	2	3000.01	3500	986.62
EU	Frankreich	2	3500.01	4000	1072.25
EU	Frankreich	2	4000.01	4500	1095.11
EU	Frankreich	2	4500.01	5000	1125.27
EU	Frankreich	3	0.01	50	31.91
EU	Frankreich	3	50.01	100	48.65
EU	Frankreich	3	100.01	150	69.76
EU	Frankreich	3	150.01	200	90.98
EU	Frankreich	3	200.01	300	135.44
EU	Frankreich	3	300.01	400	180.3
EU	Frankreich	3	400.01	500	224.96
EU	Frankreich	3	500.01	600	244.42
EU	Frankreich	3	600.01	700	284.6
EU	Frankreich	3	700.01	800	324.69
EU	Frankreich	3	800.01	900	364.49
EU	Frankreich	3	900.01	1000	404.28
EU	Frankreich	3	1000.01	1100	412.55
EU	Frankreich	3	1100.01	1200	434.93
EU	Frankreich	3	1200.01	1300	470.45
EU	Frankreich	3	1300.01	1400	505.47
EU	Frankreich	3	1400.01	1500	540.99
EU	Frankreich	3	1500.01	1600	575.53
EU	Frankreich	3	1600.01	1700	610.56
EU	Frankreich	3	1700.01	1800	645.1
EU	Frankreich	3	1800.01	1900	679.64
EU	Frankreich	3	1900.01	2000	714.18
EU	Frankreich	3	2000.01	2100	729.26
EU	Frankreich	3	2100.01	2200	744.35
EU	Frankreich	3	2200.01	2300	760.4
EU	Frankreich	3	2300.01	2400	774.99
EU	Frankreich	3	2400.01	2500	805.64
EU	Frankreich	3	2500.01	3000	945.27
EU	Frankreich	3	3000.01	3500	1036.25
EU	Frankreich	3	3500.01	4000	1127.71
EU	Frankreich	3	4000.01	4500	1151.55
EU	Frankreich	3	4500.01	5000	1182.68
EU	Frankreich	4	0.01	50	33.28
EU	Frankreich	4	50.01	100	51.18
EU	Frankreich	4	100.01	150	72.68
EU	Frankreich	4	150.01	200	94.19
EU	Frankreich	4	200.01	300	140.21
EU	Frankreich	4	300.01	400	186.62
EU	Frankreich	4	400.01	500	232.84
EU	Frankreich	4	500.01	600	268.74
EU	Frankreich	4	600.01	700	312.92
EU	Frankreich	4	700.01	800	356.99
EU	Frankreich	4	800.01	900	400.78
EU	Frankreich	4	900.01	1000	444.47
EU	Frankreich	4	1000.01	1100	453.9
EU	Frankreich	4	1100.01	1200	463.15
EU	Frankreich	4	1200.01	1300	476.77
EU	Frankreich	4	1300.01	1400	512.28
EU	Frankreich	4	1400.01	1500	547.8
EU	Frankreich	4	1500.01	1600	583.31
EU	Frankreich	4	1600.01	1700	618.34
EU	Frankreich	4	1700.01	1800	653.86
EU	Frankreich	4	1800.01	1900	688.88
EU	Frankreich	4	1900.01	2000	723.43
EU	Frankreich	4	2000.01	2100	738.51
EU	Frankreich	4	2100.01	2200	754.08
EU	Frankreich	4	2200.01	2300	770.13
EU	Frankreich	4	2300.01	2400	785.21
EU	Frankreich	4	2400.01	2500	816.35
EU	Frankreich	4	2500.01	3000	957.43
EU	Frankreich	4	3000.01	3500	1049.87
EU	Frankreich	4	3500.01	4000	1142.3
EU	Frankreich	4	4000.01	4500	1166.14
EU	Frankreich	4	4500.01	5000	1198.25
EU	Frankreich	5	0.01	50	34.54
EU	Frankreich	5	50.01	100	52.44
EU	Frankreich	5	100.01	150	75.99
EU	Frankreich	5	150.01	200	99.44
EU	Frankreich	5	200.01	300	148.09
EU	Frankreich	5	300.01	400	197.13
EU	Frankreich	5	400.01	500	245.88
EU	Frankreich	5	500.01	600	270.79
EU	Frankreich	5	600.01	700	315.35
EU	Frankreich	5	700.01	800	359.72
EU	Frankreich	5	800.01	900	403.89
EU	Frankreich	5	900.01	1000	447.87
EU	Frankreich	5	1000.01	1100	459.74
EU	Frankreich	5	1100.01	1200	469.47
EU	Frankreich	5	1200.01	1300	496.23
EU	Frankreich	5	1300.01	1400	533.69
EU	Frankreich	5	1400.01	1500	570.66
EU	Frankreich	5	1500.01	1600	607.15
EU	Frankreich	5	1600.01	1700	644.13
EU	Frankreich	5	1700.01	1800	680.61
EU	Frankreich	5	1800.01	1900	717.1
EU	Frankreich	5	1900.01	2000	753.59
EU	Frankreich	5	2000.01	2100	769.16
EU	Frankreich	5	2100.01	2200	774.02
EU	Frankreich	5	2200.01	2300	807.59
EU	Frankreich	5	2300.01	2400	841.16
EU	Frankreich	5	2400.01	2500	874.73
EU	Frankreich	5	2500.01	3000	1027.49
EU	Frankreich	5	3000.01	3500	1121.38
EU	Frankreich	5	3500.01	4000	1223.55
EU	Frankreich	5	4000.01	4500	1249.33
EU	Frankreich	5	4500.01	5000	1282.9
EU	Frankreich	6	0.01	50	35.03
EU	Frankreich	6	50.01	100	53.13
EU	Frankreich	6	100.01	150	76.96
EU	Frankreich	6	150.01	200	100.71
EU	Frankreich	6	200.01	300	150.04
EU	Frankreich	6	300.01	400	199.66
EU	Frankreich	6	400.01	500	249.09
EU	Frankreich	6	500.01	600	274.09
EU	Frankreich	6	600.01	700	319.14
EU	Frankreich	6	700.01	800	364.1
EU	Frankreich	6	800.01	900	408.76
EU	Frankreich	6	900.01	1000	453.32
EU	Frankreich	6	1000.01	1100	465.58
EU	Frankreich	6	1100.01	1200	498.18
EU	Frankreich	6	1200.01	1300	539.04
EU	Frankreich	6	1300.01	1400	578.94
EU	Frankreich	6	1400.01	1500	619.31
EU	Frankreich	6	1500.01	1600	659.21
EU	Frankreich	6	1600.01	1700	699.1
EU	Frankreich	6	1700.01	1800	738.99
EU	Frankreich	6	1800.01	1900	778.4
EU	Frankreich	6	1900.01	2000	817.81
EU	Frankreich	6	2000.01	2100	835.32
EU	Frankreich	6	2100.01	2200	852.83
EU	Frankreich	6	2200.01	2300	869.86
EU	Frankreich	6	2300.01	2400	905.86
EU	Frankreich	6	2400.01	2500	941.86
EU	Frankreich	6	2500.01	3000	1106.79
EU	Frankreich	6	3000.01	3500	1199.22
EU	Frankreich	6	3500.01	4000	1315.98
EU	Frankreich	6	4000.01	4500	1343.71
EU	Frankreich	6	4500.01	5000	1381.17
EU	Frankreich	7	0.01	50	35.03
EU	Frankreich	7	50.01	100	54.59
EU	Frankreich	7	100.01	150	78.81
EU	Frankreich	7	150.01	200	102.94
EU	Frankreich	7	200.01	300	153.44
EU	Frankreich	7	300.01	400	204.14
EU	Frankreich	7	400.01	500	254.73
EU	Frankreich	7	500.01	600	284.51
EU	Frankreich	7	600.01	700	331.21
EU	Frankreich	7	700.01	800	377.82
EU	Frankreich	7	800.01	900	424.23
EU	Frankreich	7	900.01	1000	470.45
EU	Frankreich	7	1000.01	1100	471.91
EU	Frankreich	7	1100.01	1200	504.01
EU	Frankreich	7	1200.01	1300	544.88
EU	Frankreich	7	1300.01	1400	585.26
EU	Frankreich	7	1400.01	1500	626.13
EU	Frankreich	7	1500.01	1600	666.51
EU	Frankreich	7	1600.01	1700	706.88
EU	Frankreich	7	1700.01	1800	747.26
EU	Frankreich	7	1800.01	1900	787.16
EU	Frankreich	7	1900.01	2000	827.05
EU	Frankreich	7	2000.01	2100	846.02
EU	Frankreich	7	2100.01	2200	864.02
EU	Frankreich	7	2200.01	2300	870.84
EU	Frankreich	7	2300.01	2400	906.84
EU	Frankreich	7	2400.01	2500	942.84
EU	Frankreich	7	2500.01	3000	1108.25
EU	Frankreich	7	3000.01	3500	1200.68
EU	Frankreich	7	3500.01	4000	1317.93
EU	Frankreich	7	4000.01	4500	1361.23
EU	Frankreich	7	4500.01	5000	1383.12
EU	Frankreich	8	0.01	50	36.29
EU	Frankreich	8	50.01	100	57.99
EU	Frankreich	8	100.01	150	85.04
EU	Frankreich	8	150.01	200	112.09
EU	Frankreich	8	200.01	300	167.06
EU	Frankreich	8	300.01	400	222.23
EU	Frankreich	8	400.01	500	277.31
EU	Frankreich	8	500.01	600	311.26
EU	Frankreich	8	600.01	700	362.54
EU	Frankreich	8	700.01	800	413.53
EU	Frankreich	8	800.01	900	464.22
EU	Frankreich	8	900.01	1000	514.81
EU	Frankreich	8	1000.01	1100	516.66
EU	Frankreich	8	1100.01	1200	562.39
EU	Frankreich	8	1200.01	1300	608.13
EU	Frankreich	8	1300.01	1400	653.37
EU	Frankreich	8	1400.01	1500	699.1
EU	Frankreich	8	1500.01	1600	744.35
EU	Frankreich	8	1600.01	1700	789.1
EU	Frankreich	8	1700.01	1800	833.86
EU	Frankreich	8	1800.01	1900	878.62
EU	Frankreich	8	1900.01	2000	922.89
EU	Frankreich	8	2000.01	2100	942.35
EU	Frankreich	8	2100.01	2200	962.3
EU	Frankreich	8	2200.01	2300	983.22
EU	Frankreich	8	2300.01	2400	1024.08
EU	Frankreich	8	2400.01	2500	1064.46
EU	Frankreich	8	2500.01	3000	1253.22
EU	Frankreich	8	3000.01	3500	1352.96
EU	Frankreich	8	3500.01	4000	1488.2
EU	Frankreich	8	4000.01	4500	1519.34
EU	Frankreich	8	4500.01	5000	1559.23
EU	Frankreich	9	0.01	50	38.34
EU	Frankreich	9	50.01	100	61.79
EU	Frankreich	9	100.01	150	90.39
EU	Frankreich	9	150.01	200	118.9
EU	Frankreich	9	200.01	300	177.28
EU	Frankreich	9	300.01	400	235.95
EU	Frankreich	9	400.01	500	294.33
EU	Frankreich	9	500.01	600	337.83
EU	Frankreich	9	600.01	700	393.38
EU	Frankreich	9	700.01	800	448.75
EU	Frankreich	9	800.01	900	503.82
EU	Frankreich	9	900.01	1000	558.79
EU	Frankreich	9	1000.01	1100	574.07
EU	Frankreich	9	1100.01	1200	625.15
EU	Frankreich	9	1200.01	1300	675.75
EU	Frankreich	9	1300.01	1400	726.34
EU	Frankreich	9	1400.01	1500	776.94
EU	Frankreich	9	1500.01	1600	827.05
EU	Frankreich	9	1600.01	1700	877.16
EU	Frankreich	9	1700.01	1800	926.78
EU	Frankreich	9	1800.01	1900	976.41
EU	Frankreich	9	1900.01	2000	1026.03
EU	Frankreich	9	2000.01	2100	1047.43
EU	Frankreich	9	2100.01	2200	1059.6
EU	Frankreich	9	2200.01	2300	1105.81
EU	Frankreich	9	2300.01	2400	1151.55
EU	Frankreich	9	2400.01	2500	1197.28
EU	Frankreich	9	2500.01	3000	1410.85
EU	Frankreich	9	3000.01	3500	1514.47
EU	Frankreich	9	3500.01	4000	1672.1
EU	Frankreich	9	4000.01	4500	1707.13
EU	Frankreich	9	4500.01	5000	1752.37
EU	Frankreich	10	0.01	50	45.24
EU	Frankreich	10	50.01	100	72.39
EU	Frankreich	10	100.01	150	103.33
EU	Frankreich	10	150.01	200	134.27
EU	Frankreich	10	200.01	300	200.34
EU	Frankreich	10	300.01	400	266.5
EU	Frankreich	10	400.01	500	332.57
EU	Frankreich	10	500.01	600	375.97
EU	Frankreich	10	600.01	700	437.85
EU	Frankreich	10	700.01	800	499.44
EU	Frankreich	10	800.01	900	560.74
EU	Frankreich	10	900.01	1000	621.84
EU	Frankreich	10	1000.01	1100	647.53
EU	Frankreich	10	1100.01	1200	705.43
EU	Frankreich	10	1200.01	1300	762.83
EU	Frankreich	10	1300.01	1400	819.75
EU	Frankreich	10	1400.01	1500	876.67
EU	Frankreich	10	1500.01	1600	933.11
EU	Frankreich	10	1600.01	1700	989.54
EU	Frankreich	10	1700.01	1800	1045.98
EU	Frankreich	10	1800.01	1900	1101.92
EU	Frankreich	10	1900.01	2000	1157.87
EU	Frankreich	10	2000.01	2100	1182.2
EU	Frankreich	10	2100.01	2200	1201.17
EU	Frankreich	10	2200.01	2300	1253.22
EU	Frankreich	10	2300.01	2400	1305.28
EU	Frankreich	10	2400.01	2500	1357.34
EU	Frankreich	10	2500.01	3000	1601.07
EU	Frankreich	10	3000.01	3500	1709.07
EU	Frankreich	10	3500.01	4000	1894.92
EU	Frankreich	10	4000.01	4500	1934.32
EU	Frankreich	10	4500.01	5000	1984.92
EU	Italien	1	0.01	30	28.07
EU	Italien	1	30.01	50	35.81
EU	Italien	1	50.01	100	44.32
EU	Italien	1	100.01	150	52.93
EU	Italien	1	150.01	200	61.69
EU	Italien	1	200.01	250	71.61
EU	Italien	1	250.01	300	79.98
EU	Italien	1	300.01	400	98.95
EU	Italien	1	400.01	500	112.24
EU	Italien	1	500.01	600	116.95
EU	Italien	1	600.01	700	120.85
EU	Italien	1	700.01	800	124.88
EU	Italien	1	800.01	900	212.41
EU	Italien	1	900.01	1000	239.75
EU	Italien	1	1000.01	1250	297.49
EU	Italien	1	1250.01	1500	324.3
EU	Italien	1	1500.01	1750	415.08
EU	Italien	1	1750.01	2000	480.76
EU	Italien	1	2000.01	2250	540.99
EU	Italien	1	2250.01	2500	610.61
EU	Italien	1	2500.01	2750	664.02
EU	Italien	1	2750.01	3000	727.71
EU	Italien	1	3000.01	3500	843.59
EU	Italien	1	3500.01	4000	854.44
EU	Italien	1	4000.01	4500	861.88
EU	Italien	1	4500.01	5000	877.6
EU	Italien	2	0.01	30	31.57
EU	Italien	2	30.01	50	40.33
EU	Italien	2	50.01	100	48.99
EU	Italien	2	100.01	150	57.65
EU	Italien	2	150.01	200	66.6
EU	Italien	2	200.01	250	76.82
EU	Italien	2	250.01	300	85.28
EU	Italien	2	300.01	400	104.26
EU	Italien	2	400.01	500	119.19
EU	Italien	2	500.01	600	126.1
EU	Italien	2	600.01	700	132.04
EU	Italien	2	700.01	800	138.31
EU	Italien	2	800.01	900	227.1
EU	Italien	2	900.01	1000	256.63
EU	Italien	2	1000.01	1250	318.85
EU	Italien	2	1250.01	1500	351.4
EU	Italien	2	1500.01	1750	444.66
EU	Italien	2	1750.01	2000	522.01
EU	Italien	2	2000.01	2250	584.77
EU	Italien	2	2250.01	2500	661.2
EU	Italien	2	2500.01	2750	718.95
EU	Italien	2	2750.01	3000	790.37
EU	Italien	2	3000.01	3500	915.45
EU	Italien	2	3500.01	4000	928.05
EU	Italien	2	4000.01	4500	941.77
EU	Italien	2	4500.01	5000	967.21
EU	Italien	3	0.01	30	34.93
EU	Italien	3	30.01	50	44.37
EU	Italien	3	50.01	100	53.22
EU	Italien	3	100.01	150	62.22
EU	Italien	3	150.01	200	71.52
EU	Italien	3	200.01	250	82.17
EU	Italien	3	250.01	300	90.88
EU	Italien	3	300.01	400	110.34
EU	Italien	3	400.01	500	125.95
EU	Italien	3	500.01	600	133.69
EU	Italien	3	600.01	700	140.89
EU	Italien	3	700.01	800	148.43
EU	Italien	3	800.01	900	239.8
EU	Italien	3	900.01	1000	270.98
EU	Italien	3	1000.01	1250	336.76
EU	Italien	3	1250.01	1500	372.85
EU	Italien	3	1500.01	1750	469.72
EU	Italien	3	1750.01	2000	553.78
EU	Italien	3	2000.01	2250	623.94
EU	Italien	3	2250.01	2500	705.91
EU	Italien	3	2500.01	2750	767.7
EU	Italien	3	2750.01	3000	844.81
EU	Italien	3	3000.01	3500	978.5
EU	Italien	3	3500.01	4000	993.48
EU	Italien	3	4000.01	4500	1011.92
EU	Italien	3	4500.01	5000	1043.93
EU	Italien	4	0.01	30	39.31
EU	Italien	4	30.01	50	50.11
EU	Italien	4	50.01	100	59.11
EU	Italien	4	100.01	150	68.3
EU	Italien	4	150.01	200	77.69
EU	Italien	4	200.01	250	88.54
EU	Italien	4	250.01	300	97.15
EU	Italien	4	300.01	400	116.86
EU	Italien	4	400.01	500	132.67
EU	Italien	4	500.01	600	140.4
EU	Italien	4	600.01	700	147.9
EU	Italien	4	700.01	800	156.75
EU	Italien	4	800.01	900	250.69
EU	Italien	4	900.01	1000	283.68
EU	Italien	4	1000.01	1250	353.64
EU	Italien	4	1250.01	1500	393.58
EU	Italien	4	1500.01	1750	493.21
EU	Italien	4	1750.01	2000	587.3
EU	Italien	4	2000.01	2250	672.39
EU	Italien	4	2250.01	2500	762.3
EU	Italien	4	2500.01	2750	828.75
EU	Italien	4	2750.01	3000	914.18
EU	Italien	4	3000.01	3500	1059.89
EU	Italien	4	3500.01	4000	1073.17
EU	Italien	4	4000.01	4500	1095.16
EU	Italien	4	4500.01	5000	1134.91
EU	Italien	5	0.01	30	44.08
EU	Italien	5	30.01	50	56.53
EU	Italien	5	50.01	100	66.21
EU	Italien	5	100.01	150	75.99
EU	Italien	5	150.01	200	85.87
EU	Italien	5	200.01	250	97.54
EU	Italien	5	250.01	300	106.49
EU	Italien	5	300.01	400	127.56
EU	Italien	5	400.01	500	145.32
EU	Italien	5	500.01	600	152.91
EU	Italien	5	600.01	700	159.82
EU	Italien	5	700.01	800	167.45
EU	Italien	5	800.01	900	264.46
EU	Italien	5	900.01	1000	298.52
EU	Italien	5	1000.01	1250	371.69
EU	Italien	5	1250.01	1500	414.06
EU	Italien	5	1500.01	1750	518.41
EU	Italien	5	1750.01	2000	618.88
EU	Italien	5	2000.01	2250	712.38
EU	Italien	5	2250.01	2500	808.22
EU	Italien	5	2500.01	2750	878.38
EU	Italien	5	2750.01	3000	969.3
EU	Italien	5	3000.01	3500	1124.16
EU	Italien	5	3500.01	4000	1137
EU	Italien	5	4000.01	4500	1160.06
EU	Italien	5	4500.01	5000	1202.63
EU	Italien	6	0.01	30	48.26
EU	Italien	6	30.01	50	61.4
EU	Italien	6	50.01	100	71.9
EU	Italien	6	100.01	150	82.41
EU	Italien	6	150.01	200	93.07
EU	Italien	6	200.01	250	105.57
EU	Italien	6	250.01	300	115.15
EU	Italien	6	300.01	400	137.58
EU	Italien	6	400.01	500	156.94
EU	Italien	6	500.01	600	165.65
EU	Italien	6	600.01	700	172.56
EU	Italien	6	700.01	800	180.05
EU	Italien	6	800.01	900	281.98
EU	Italien	6	900.01	1000	317.34
EU	Italien	6	1000.01	1250	394.11
EU	Italien	6	1250.01	1500	438.87
EU	Italien	6	1500.01	1750	549.79
EU	Italien	6	1750.01	2000	654.83
EU	Italien	6	2000.01	2250	752.32
EU	Italien	6	2250.01	2500	852.83
EU	Italien	6	2500.01	2750	927.03
EU	Italien	6	2750.01	3000	1022.33
EU	Italien	6	3000.01	3500	1185.02
EU	Italien	6	3500.01	4000	1200.39
EU	Italien	6	4000.01	4500	1225.2
EU	Italien	6	4500.01	5000	1269.72
EU	Italien	7	0.01	30	51.33
EU	Italien	7	30.01	50	65.63
EU	Italien	7	50.01	100	76.67
EU	Italien	7	100.01	150	87.72
EU	Italien	7	150.01	200	98.86
EU	Italien	7	200.01	250	111.94
EU	Italien	7	250.01	300	121.87
EU	Italien	7	300.01	400	145.51
EU	Italien	7	400.01	500	165.46
EU	Italien	7	500.01	600	173.73
EU	Italien	7	600.01	700	180.2
EU	Italien	7	700.01	800	187.5
EU	Italien	7	800.01	900	296.18
EU	Italien	7	900.01	1000	332.23
EU	Italien	7	1000.01	1250	412.07
EU	Italien	7	1250.01	1500	458.23
EU	Italien	7	1500.01	1750	574.8
EU	Italien	7	1750.01	2000	685.53
EU	Italien	7	2000.01	2250	788.71
EU	Italien	7	2250.01	2500	894.38
EU	Italien	7	2500.01	2750	971.88
EU	Italien	7	2750.01	3000	1071.66
EU	Italien	7	3000.01	3500	1242.86
EU	Italien	7	3500.01	4000	1255.8
EU	Italien	7	4000.01	4500	1278.77
EU	Italien	7	4500.01	5000	1322.7
EU	Italien	8	0.01	30	53.61
EU	Italien	8	30.01	50	68.99
EU	Italien	8	50.01	100	80.66
EU	Italien	8	100.01	150	92.39
EU	Italien	8	150.01	200	104.11
EU	Italien	8	200.01	250	117.98
EU	Italien	8	250.01	300	128.44
EU	Italien	8	300.01	400	153.44
EU	Italien	8	400.01	500	174.65
EU	Italien	8	500.01	600	183.22
EU	Italien	8	600.01	700	189.35
EU	Italien	8	700.01	800	196.21
EU	Italien	8	800.01	900	309.22
EU	Italien	8	900.01	1000	347.17
EU	Italien	8	1000.01	1250	430.89
EU	Italien	8	1250.01	1500	479.64
EU	Italien	8	1500.01	1750	601.95
EU	Italien	8	1750.01	2000	718.8
EU	Italien	8	2000.01	2250	832.11
EU	Italien	8	2250.01	2500	944.1
EU	Italien	8	2500.01	2750	1026.13
EU	Italien	8	2750.01	3000	1131.99
EU	Italien	8	3000.01	3500	1313.36
EU	Italien	8	3500.01	4000	1326.93
EU	Italien	8	4000.01	4500	1351.84
EU	Italien	8	4500.01	5000	1399.32
EU	Italien	9	0.01	30	57.99
EU	Italien	9	30.01	50	74.39
EU	Italien	9	50.01	100	86.99
EU	Italien	9	100.01	150	99.59
EU	Italien	9	150.01	200	112.19
EU	Italien	9	200.01	250	127.07
EU	Italien	9	250.01	300	138.21
EU	Italien	9	300.01	400	164.92
EU	Italien	9	400.01	500	187.55
EU	Italien	9	500.01	600	196.74
EU	Italien	9	600.01	700	203.41
EU	Italien	9	700.01	800	210.27
EU	Italien	9	800.01	900	327.95
EU	Italien	9	900.01	1000	366.92
EU	Italien	9	1000.01	1250	454.25
EU	Italien	9	1250.01	1500	504.99
EU	Italien	9	1500.01	1750	633.71
EU	Italien	9	1750.01	2000	755.49
EU	Italien	9	2000.01	2250	876.48
EU	Italien	9	2250.01	2500	993.87
EU	Italien	9	2500.01	2750	1079.93
EU	Italien	9	2750.01	3000	1190.66
EU	Italien	9	3000.01	3500	1380.64
EU	Italien	9	3500.01	4000	1394.99
EU	Italien	9	4000.01	4500	1420.58
EU	Italien	9	4500.01	5000	1469.52
EU	Italien	10	0.01	30	68.16
EU	Italien	10	30.01	50	86.01
EU	Italien	10	50.01	100	99.73
EU	Italien	10	100.01	150	113.45
EU	Italien	10	150.01	200	127.17
EU	Italien	10	200.01	250	143.27
EU	Italien	10	250.01	300	154.85
EU	Italien	10	300.01	400	183.31
EU	Italien	10	400.01	500	207.64
EU	Italien	10	500.01	600	218
EU	Italien	10	600.01	700	225.64
EU	Italien	10	700.01	800	233.52
EU	Italien	10	800.01	900	356.12
EU	Italien	10	900.01	1000	392.95
EU	Italien	10	1000.01	1250	481.49
EU	Italien	10	1250.01	1500	534.08
EU	Italien	10	1500.01	1750	667.33
EU	Italien	10	1750.01	2000	793.43
EU	Italien	10	2000.01	2250	918.22
EU	Italien	10	2250.01	2500	1039.21
EU	Italien	10	2500.01	2750	1127.56
EU	Italien	10	2750.01	3000	1240.87
EU	Italien	10	3000.01	3500	1435.71
EU	Italien	10	3500.01	4000	1450.55
EU	Italien	10	4000.01	4500	1475.8
EU	Italien	10	4500.01	5000	1524.5
EU	Polen	1	0.01	30	11.72
EU	Polen	1	30.01	50	13.77
EU	Polen	1	50.01	100	19.12
EU	Polen	1	100.01	150	25.3
EU	Polen	1	150.01	200	29.82
EU	Polen	1	200.01	250	34.83
EU	Polen	1	250.01	300	39.36
EU	Polen	1	300.01	400	49.43
EU	Polen	1	400.01	500	54.54
EU	Polen	1	500.01	600	56.29
EU	Polen	1	600.01	700	57.99
EU	Polen	1	700.01	800	59.69
EU	Polen	1	800.01	900	106.01
EU	Polen	1	900.01	1000	119.53
EU	Polen	1	1000.01	1250	147.65
EU	Polen	1	1250.01	1500	158.06
EU	Polen	1	1500.01	1750	203.79
EU	Polen	1	1750.01	2000	231.38
EU	Polen	1	2000.01	2250	256.29
EU	Polen	1	2250.01	2500	284.6
EU	Polen	1	2500.01	2750	311.02
EU	Polen	1	2750.01	3000	338.99
EU	Polen	1	3000.01	3500	395.33
EU	Polen	1	3500.01	4000	401.17
EU	Polen	1	4000.01	4500	401.31
EU	Polen	1	4500.01	5000	401.65
EU	Polen	2	0.01	30	12.55
EU	Polen	2	30.01	50	14.6
EU	Polen	2	50.01	100	20.34
EU	Polen	2	100.01	150	27.2
EU	Polen	2	150.01	200	31.77
EU	Polen	2	200.01	250	36.78
EU	Polen	2	250.01	300	41.35
EU	Polen	2	300.01	400	51.81
EU	Polen	2	400.01	500	57.16
EU	Polen	2	500.01	600	59.5
EU	Polen	2	600.01	700	61.79
EU	Polen	2	700.01	800	64.02
EU	Polen	2	800.01	900	111.07
EU	Polen	2	900.01	1000	125.18
EU	Polen	2	1000.01	1250	154.46
EU	Polen	2	1250.01	1500	163.61
EU	Polen	2	1500.01	1750	209.49
EU	Polen	2	1750.01	2000	238.29
EU	Polen	2	2000.01	2250	266.21
EU	Polen	2	2250.01	2500	294.72
EU	Polen	2	2500.01	2750	321.28
EU	Polen	2	2750.01	3000	349.26
EU	Polen	2	3000.01	3500	408.42
EU	Polen	2	3500.01	4000	414.25
EU	Polen	2	4000.01	4500	414.5
EU	Polen	2	4500.01	5000	414.89
EU	Polen	3	0.01	30	13.28
EU	Polen	3	30.01	50	15.47
EU	Polen	3	50.01	100	21.11
EU	Polen	3	100.01	150	27.68
EU	Polen	3	150.01	200	32.45
EU	Polen	3	200.01	250	37.7
EU	Polen	3	250.01	300	42.47
EU	Polen	3	300.01	400	53.13
EU	Polen	3	400.01	500	58.43
EU	Polen	3	500.01	600	60.28
EU	Polen	3	600.01	700	62.32
EU	Polen	3	700.01	800	64.61
EU	Polen	3	800.01	900	113.6
EU	Polen	3	900.01	1000	128.19
EU	Polen	3	1000.01	1250	158.45
EU	Polen	3	1250.01	1500	169.25
EU	Polen	3	1500.01	1750	218.39
EU	Polen	3	1750.01	2000	247.97
EU	Polen	3	2000.01	2250	275.16
EU	Polen	3	2250.01	2500	305.57
EU	Polen	3	2500.01	2750	333.93
EU	Polen	3	2750.01	3000	363.51
EU	Polen	3	3000.01	3500	424.52
EU	Polen	3	3500.01	4000	430.7
EU	Polen	3	4000.01	4500	430.89
EU	Polen	3	4500.01	5000	431.18
EU	Polen	4	0.01	30	13.87
EU	Polen	4	30.01	50	16.1
EU	Polen	4	50.01	100	21.94
EU	Polen	4	100.01	150	28.65
EU	Polen	4	150.01	200	33.57
EU	Polen	4	200.01	250	39.02
EU	Polen	4	250.01	300	43.93
EU	Polen	4	300.01	400	54.83
EU	Polen	4	400.01	500	60.37
EU	Polen	4	500.01	600	62.32
EU	Polen	4	600.01	700	64.17
EU	Polen	4	700.01	800	66.07
EU	Polen	4	800.01	900	117.49
EU	Polen	4	900.01	1000	132.47
EU	Polen	4	1000.01	1250	163.8
EU	Polen	4	1250.01	1500	174.95
EU	Polen	4	1500.01	1750	225.78
EU	Polen	4	1750.01	2000	256.24
EU	Polen	4	2000.01	2250	284.36
EU	Polen	4	2250.01	2500	315.84
EU	Polen	4	2500.01	2750	345.22
EU	Polen	4	2750.01	3000	376.11
EU	Polen	4	3000.01	3500	438.87
EU	Polen	4	3500.01	4000	445.29
EU	Polen	4	4000.01	4500	445.49
EU	Polen	4	4500.01	5000	445.83
EU	Polen	5	0.01	30	14.06
EU	Polen	5	30.01	50	16.4
EU	Polen	5	50.01	100	22.48
EU	Polen	5	100.01	150	29.48
EU	Polen	5	150.01	200	34.64
EU	Polen	5	200.01	250	40.28
EU	Polen	5	250.01	300	45.44
EU	Polen	5	300.01	400	56.82
EU	Polen	5	400.01	500	62.52
EU	Polen	5	500.01	600	64.51
EU	Polen	5	600.01	700	66.41
EU	Polen	5	700.01	800	68.35
EU	Polen	5	800.01	900	121.72
EU	Polen	5	900.01	1000	137.34
EU	Polen	5	1000.01	1250	169.84
EU	Polen	5	1250.01	1500	181.17
EU	Polen	5	1500.01	1750	233.96
EU	Polen	5	1750.01	2000	265.53
EU	Polen	5	2000.01	2250	294.96
EU	Polen	5	2250.01	2500	327.61
EU	Polen	5	2500.01	2750	358.11
EU	Polen	5	2750.01	3000	389.83
EU	Polen	5	3000.01	3500	455.27
EU	Polen	5	3500.01	4000	461.93
EU	Polen	5	4000.01	4500	462.13
EU	Polen	5	4500.01	5000	462.42
EU	Polen	6	0.01	30	14.16
EU	Polen	6	30.01	50	16.54
EU	Polen	6	50.01	100	22.82
EU	Polen	6	100.01	150	30.02
EU	Polen	6	150.01	200	35.37
EU	Polen	6	200.01	250	41.26
EU	Polen	6	250.01	300	46.61
EU	Polen	6	300.01	400	58.38
EU	Polen	6	400.01	500	64.32
EU	Polen	6	500.01	600	66.26
EU	Polen	6	600.01	700	68.16
EU	Polen	6	700.01	800	70.01
EU	Polen	6	800.01	900	125.27
EU	Polen	6	900.01	1000	141.38
EU	Polen	6	1000.01	1250	174.9
EU	Polen	6	1250.01	1500	186.72
EU	Polen	6	1500.01	1750	241.45
EU	Polen	6	1750.01	2000	273.9
EU	Polen	6	2000.01	2250	304.01
EU	Polen	6	2250.01	2500	338.07
EU	Polen	6	2500.01	2750	369.64
EU	Polen	6	2750.01	3000	402.53
EU	Polen	6	3000.01	3500	469.91
EU	Polen	6	3500.01	4000	476.82
EU	Polen	6	4000.01	4500	477.01
EU	Polen	6	4500.01	5000	477.35
EU	Polen	7	0.01	30	14.6
EU	Polen	7	30.01	50	17.03
EU	Polen	7	50.01	100	23.55
EU	Polen	7	100.01	150	31.14
EU	Polen	7	150.01	200	36.54
EU	Polen	7	200.01	250	42.52
EU	Polen	7	250.01	300	47.92
EU	Polen	7	300.01	400	59.99
EU	Polen	7	400.01	500	66.07
EU	Polen	7	500.01	600	68.3
EU	Polen	7	600.01	700	70.49
EU	Polen	7	700.01	800	72.63
EU	Polen	7	800.01	900	128.68
EU	Polen	7	900.01	1000	145.17
EU	Polen	7	1000.01	1250	179.57
EU	Polen	7	1250.01	1500	190.76
EU	Polen	7	1500.01	1750	246.02
EU	Polen	7	1750.01	2000	279.25
EU	Polen	7	2000.01	2250	311.26
EU	Polen	7	2250.01	2500	345.51
EU	Polen	7	2500.01	2750	377.48
EU	Polen	7	2750.01	3000	410.65
EU	Polen	7	3000.01	3500	479.88
EU	Polen	7	3500.01	4000	486.89
EU	Polen	7	4000.01	4500	487.13
EU	Polen	7	4500.01	5000	487.47
EU	Polen	8	0.01	30	15.28
EU	Polen	8	30.01	50	17.81
EU	Polen	8	50.01	100	24.62
EU	Polen	8	100.01	150	32.6
EU	Polen	8	150.01	200	38.14
EU	Polen	8	200.01	250	44.27
EU	Polen	8	250.01	300	49.82
EU	Polen	8	300.01	400	62.32
EU	Polen	8	400.01	500	68.65
EU	Polen	8	500.01	600	71.22
EU	Polen	8	600.01	700	73.66
EU	Polen	8	700.01	800	76.09
EU	Polen	8	800.01	900	133.74
EU	Polen	8	900.01	1000	150.91
EU	Polen	8	1000.01	1250	186.38
EU	Polen	8	1250.01	1500	197.96
EU	Polen	8	1500.01	1750	254.59
EU	Polen	8	1750.01	2000	289.27
EU	Polen	8	2000.01	2250	322.5
EU	Polen	8	2250.01	2500	357.87
EU	Polen	8	2500.01	2750	390.56
EU	Polen	8	2750.01	3000	424.71
EU	Polen	8	3000.01	3500	496.47
EU	Polen	8	3500.01	4000	503.62
EU	Polen	8	4000.01	4500	503.82
EU	Polen	8	4500.01	5000	504.21
EU	Polen	9	0.01	30	15.42
EU	Polen	9	30.01	50	17.95
EU	Polen	9	50.01	100	24.81
EU	Polen	9	100.01	150	32.89
EU	Polen	9	150.01	200	38.48
EU	Polen	9	200.01	250	44.66
EU	Polen	9	250.01	300	50.5
EU	Polen	9	300.01	400	63.54
EU	Polen	9	400.01	500	70.01
EU	Polen	9	500.01	600	71.95
EU	Polen	9	600.01	700	74.29
EU	Polen	9	700.01	800	76.77
EU	Polen	9	800.01	900	136.51
EU	Polen	9	900.01	1000	154.17
EU	Polen	9	1000.01	1250	190.95
EU	Polen	9	1250.01	1500	203.75
EU	Polen	9	1500.01	1750	264.17
EU	Polen	9	1750.01	2000	299.44
EU	Polen	9	2000.01	2250	332.67
EU	Polen	9	2250.01	2500	370.13
EU	Polen	9	2500.01	2750	405.01
EU	Polen	9	2750.01	3000	441.06
EU	Polen	9	3000.01	3500	514.86
EU	Polen	9	3500.01	4000	522.55
EU	Polen	9	4000.01	4500	522.74
EU	Polen	9	4500.01	5000	523.08
EU	Polen	10	0.01	30	15.57
EU	Polen	10	30.01	50	18.24
EU	Polen	10	50.01	100	25.54
EU	Polen	10	100.01	150	34.1
EU	Polen	10	150.01	200	40.09
EU	Polen	10	200.01	250	46.7
EU	Polen	10	250.01	300	52.74
EU	Polen	10	300.01	400	66.16
EU	Polen	10	400.01	500	72.98
EU	Polen	10	500.01	600	75.55
EU	Polen	10	600.01	700	78.03
EU	Polen	10	700.01	800	80.52
EU	Polen	10	800.01	900	142.25
EU	Polen	10	900.01	1000	160.55
EU	Polen	10	1000.01	1250	198.39
EU	Polen	10	1250.01	1500	210.56
EU	Polen	10	1500.01	1750	271.22
EU	Polen	10	1750.01	2000	308.05
EU	Polen	10	2000.01	2250	343.76
EU	Polen	10	2250.01	2500	381.37
EU	Polen	10	2500.01	2750	416.4
EU	Polen	10	2750.01	3000	452.79
EU	Polen	10	3000.01	3500	529.31
EU	Polen	10	3500.01	4000	537.05
EU	Polen	10	4000.01	4500	537.24
EU	Polen	10	4500.01	5000	537.63
EU	Spanien	1	0.01	50	32.89
EU	Spanien	1	50.01	100	47.39
EU	Spanien	1	100.01	150	61.2
EU	Spanien	1	150.01	200	75.02
EU	Spanien	1	200.01	300	108.29
EU	Spanien	1	300.01	400	142.84
EU	Spanien	1	400.01	500	177.18
EU	Spanien	1	500.01	600	203.55
EU	Spanien	1	600.01	700	231.87
EU	Spanien	1	700.01	800	263.97
EU	Spanien	1	800.01	900	290.54
EU	Spanien	1	900.01	1000	320.31
EU	Spanien	1	1000.01	1100	354.17
EU	Spanien	1	1100.01	1200	378.01
EU	Spanien	1	1200.01	1300	417.9
EU	Spanien	1	1300.01	1400	441.74
EU	Spanien	1	1400.01	1500	465.09
EU	Spanien	1	1500.01	1600	504.5
EU	Spanien	1	1600.01	1700	527.85
EU	Spanien	1	1700.01	1800	566.77
EU	Spanien	1	1800.01	1900	590.12
EU	Spanien	1	1900.01	2000	612.5
EU	Spanien	1	2000.01	2100	653.86
EU	Spanien	1	2100.01	2200	675.75
EU	Spanien	1	2200.01	2300	697.64
EU	Spanien	1	2300.01	2400	719.05
EU	Spanien	1	2400.01	2500	740.45
EU	Spanien	1	2500.01	3000	862.56
EU	Spanien	1	3000.01	3500	971.54
EU	Spanien	1	3500.01	4000	1063.49
EU	Spanien	1	4000.01	4500	1144.73
EU	Spanien	1	4500.01	5000	1202.14
EU	Spanien	2	0.01	50	33.76
EU	Spanien	2	50.01	100	49.82
EU	Spanien	2	100.01	150	65.19
EU	Spanien	2	150.01	200	80.66
EU	Spanien	2	200.01	300	117.25
EU	Spanien	2	300.01	400	154.71
EU	Spanien	2	400.01	500	192.07
EU	Spanien	2	500.01	600	220.48
EU	Spanien	2	600.01	700	257.46
EU	Spanien	2	700.01	800	286.45
EU	Spanien	2	800.01	900	319.05
EU	Spanien	2	900.01	1000	346.68
EU	Spanien	2	1000.01	1100	385.79
EU	Spanien	2	1100.01	1200	410.12
EU	Spanien	2	1200.01	1300	455.85
EU	Spanien	2	1300.01	1400	479.69
EU	Spanien	2	1400.01	1500	503.53
EU	Spanien	2	1500.01	1600	548.77
EU	Spanien	2	1600.01	1700	572.12
EU	Spanien	2	1700.01	1800	616.88
EU	Spanien	2	1800.01	1900	640.72
EU	Spanien	2	1900.01	2000	663.1
EU	Spanien	2	2000.01	2100	717.1
EU	Spanien	2	2100.01	2200	738.99
EU	Spanien	2	2200.01	2300	760.89
EU	Spanien	2	2300.01	2400	782.78
EU	Spanien	2	2400.01	2500	804.67
EU	Spanien	2	2500.01	3000	938.46
EU	Spanien	2	3000.01	3500	1060.08
EU	Spanien	2	3500.01	4000	1162.74
EU	Spanien	2	4000.01	4500	1256.14
EU	Spanien	2	4500.01	5000	1337.39
EU	Spanien	3	0.01	50	34.44
EU	Spanien	3	50.01	100	50.5
EU	Spanien	3	100.01	150	65.97
EU	Spanien	3	150.01	200	81.34
EU	Spanien	3	200.01	300	117.73
EU	Spanien	3	300.01	400	155.49
EU	Spanien	3	400.01	500	193.04
EU	Spanien	3	500.01	600	222.43
EU	Spanien	3	600.01	700	261.35
EU	Spanien	3	700.01	800	289.08
EU	Spanien	3	800.01	900	323.91
EU	Spanien	3	900.01	1000	351.64
EU	Spanien	3	1000.01	1100	388.71
EU	Spanien	3	1100.01	1200	415.47
EU	Spanien	3	1200.01	1300	458.28
EU	Spanien	3	1300.01	1400	485.04
EU	Spanien	3	1400.01	1500	511.8
EU	Spanien	3	1500.01	1600	554.12
EU	Spanien	3	1600.01	1700	580.39
EU	Spanien	3	1700.01	1800	622.23
EU	Spanien	3	1800.01	1900	648.5
EU	Spanien	3	1900.01	2000	673.8
EU	Spanien	3	2000.01	2100	718.56
EU	Spanien	3	2100.01	2200	742.89
EU	Spanien	3	2200.01	2300	767.7
EU	Spanien	3	2300.01	2400	792.02
EU	Spanien	3	2400.01	2500	816.83
EU	Spanien	3	2500.01	3000	953.05
EU	Spanien	3	3000.01	3500	1076.62
EU	Spanien	3	3500.01	4000	1171.49
EU	Spanien	3	4000.01	4500	1275.12
EU	Spanien	3	4500.01	5000	1357.82
EU	Spanien	4	0.01	50	34.93
EU	Spanien	4	50.01	100	52.15
EU	Spanien	4	100.01	150	67.23
EU	Spanien	4	150.01	200	82.41
EU	Spanien	4	200.01	300	117.83
EU	Spanien	4	300.01	400	155.58
EU	Spanien	4	400.01	500	193.14
EU	Spanien	4	500.01	600	224.28
EU	Spanien	4	600.01	700	261.45
EU	Spanien	4	700.01	800	294.92
EU	Spanien	4	800.01	900	330.72
EU	Spanien	4	900.01	1000	363.61
EU	Spanien	4	1000.01	1100	410.12
EU	Spanien	4	1100.01	1200	434.44
EU	Spanien	4	1200.01	1300	484.55
EU	Spanien	4	1300.01	1400	508.88
EU	Spanien	4	1400.01	1500	532.72
EU	Spanien	4	1500.01	1600	582.34
EU	Spanien	4	1600.01	1700	605.69
EU	Spanien	4	1700.01	1800	655.8
EU	Spanien	4	1800.01	1900	679.15
EU	Spanien	4	1900.01	2000	701.53
EU	Spanien	4	2000.01	2100	759.91
EU	Spanien	4	2100.01	2200	781.32
EU	Spanien	4	2200.01	2300	803.21
EU	Spanien	4	2300.01	2400	825.1
EU	Spanien	4	2400.01	2500	846.51
EU	Spanien	4	2500.01	3000	988.57
EU	Spanien	4	3000.01	3500	1135
EU	Spanien	4	3500.01	4000	1248.85
EU	Spanien	4	4000.01	4500	1352.47
EU	Spanien	4	4500.01	5000	1456.09
EU	Spanien	5	0.01	50	35.42
EU	Spanien	5	50.01	100	52.93
EU	Spanien	5	100.01	150	68.89
EU	Spanien	5	150.01	200	84.85
EU	Spanien	5	200.01	300	124.45
EU	Spanien	5	300.01	400	164.34
EU	Spanien	5	400.01	500	204.04
EU	Spanien	5	500.01	600	234.01
EU	Spanien	5	600.01	700	271.86
EU	Spanien	5	700.01	800	304.45
EU	Spanien	5	800.01	900	337.53
EU	Spanien	5	900.01	1000	368.48
EU	Spanien	5	1000.01	1100	416.44
EU	Spanien	5	1100.01	1200	434.93
EU	Spanien	5	1200.01	1300	492.34
EU	Spanien	5	1300.01	1400	516.18
EU	Spanien	5	1400.01	1500	534.66
EU	Spanien	5	1500.01	1600	591.1
EU	Spanien	5	1600.01	1700	607.15
EU	Spanien	5	1700.01	1800	665.53
EU	Spanien	5	1800.01	1900	689.37
EU	Spanien	5	1900.01	2000	703.97
EU	Spanien	5	2000.01	2100	771.1
EU	Spanien	5	2100.01	2200	784.24
EU	Spanien	5	2200.01	2300	808.56
EU	Spanien	5	2300.01	2400	832.89
EU	Spanien	5	2400.01	2500	857.7
EU	Spanien	5	2500.01	3000	1001.7
EU	Spanien	5	3000.01	3500	1152.03
EU	Spanien	5	3500.01	4000	1267.82
EU	Spanien	5	4000.01	4500	1373.39
EU	Spanien	5	4500.01	5000	1478.47
EU	Spanien	6	0.01	50	36.1
EU	Spanien	6	50.01	100	54.29
EU	Spanien	6	100.01	150	70.15
EU	Spanien	6	150.01	200	86.01
EU	Spanien	6	200.01	300	126.3
EU	Spanien	6	300.01	400	166.87
EU	Spanien	6	400.01	500	207.15
EU	Spanien	6	500.01	600	234.69
EU	Spanien	6	600.01	700	273.61
EU	Spanien	6	700.01	800	308.93
EU	Spanien	6	800.01	900	346.49
EU	Spanien	6	900.01	1000	381.32
EU	Spanien	6	1000.01	1100	430.07
EU	Spanien	6	1100.01	1200	455.85
EU	Spanien	6	1200.01	1300	508.39
EU	Spanien	6	1300.01	1400	533.69
EU	Spanien	6	1400.01	1500	558.5
EU	Spanien	6	1500.01	1600	611.04
EU	Spanien	6	1600.01	1700	635.86
EU	Spanien	6	1700.01	1800	687.91
EU	Spanien	6	1800.01	1900	712.24
EU	Spanien	6	1900.01	2000	736.07
EU	Spanien	6	2000.01	2100	796.89
EU	Spanien	6	2100.01	2200	820.24
EU	Spanien	6	2200.01	2300	843.1
EU	Spanien	6	2300.01	2400	865.97
EU	Spanien	6	2400.01	2500	888.84
EU	Spanien	6	2500.01	3000	1038.68
EU	Spanien	6	3000.01	3500	1193.87
EU	Spanien	6	3500.01	4000	1311.12
EU	Spanien	6	4000.01	4500	1416.69
EU	Spanien	6	4500.01	5000	1522.26
EU	Spanien	7	0.01	50	38.43
EU	Spanien	7	50.01	100	58.87
EU	Spanien	7	100.01	150	73.95
EU	Spanien	7	150.01	200	89.13
EU	Spanien	7	200.01	300	128.24
EU	Spanien	7	300.01	400	169.4
EU	Spanien	7	400.01	500	210.36
EU	Spanien	7	500.01	600	237.7
EU	Spanien	7	600.01	700	276.14
EU	Spanien	7	700.01	800	314.47
EU	Spanien	7	800.01	900	352.62
EU	Spanien	7	900.01	1000	390.56
EU	Spanien	7	1000.01	1100	433.96
EU	Spanien	7	1100.01	1200	458.77
EU	Spanien	7	1200.01	1300	512.77
EU	Spanien	7	1300.01	1400	537.58
EU	Spanien	7	1400.01	1500	561.91
EU	Spanien	7	1500.01	1600	615.42
EU	Spanien	7	1600.01	1700	639.75
EU	Spanien	7	1700.01	1800	693.26
EU	Spanien	7	1800.01	1900	717.1
EU	Spanien	7	1900.01	2000	739.97
EU	Spanien	7	2000.01	2100	810.51
EU	Spanien	7	2100.01	2200	832.89
EU	Spanien	7	2200.01	2300	855.27
EU	Spanien	7	2300.01	2400	877.16
EU	Spanien	7	2400.01	2500	899.54
EU	Spanien	7	2500.01	3000	1051.33
EU	Spanien	7	3000.01	3500	1206.52
EU	Spanien	7	3500.01	4000	1328.15
EU	Spanien	7	4000.01	4500	1439.07
EU	Spanien	7	4500.01	5000	1549.5
EU	Spanien	8	0.01	50	38.63
EU	Spanien	8	50.01	100	59.26
EU	Spanien	8	100.01	150	75.5
EU	Spanien	8	150.01	200	91.85
EU	Spanien	8	200.01	300	129.41
EU	Spanien	8	300.01	400	170.96
EU	Spanien	8	400.01	500	212.31
EU	Spanien	8	500.01	600	248.5
EU	Spanien	8	600.01	700	288.79
EU	Spanien	8	700.01	800	328.87
EU	Spanien	8	800.01	900	368.77
EU	Spanien	8	900.01	1000	408.56
EU	Spanien	8	1000.01	1100	457.31
EU	Spanien	8	1100.01	1200	484.07
EU	Spanien	8	1200.01	1300	540.5
EU	Spanien	8	1300.01	1400	566.77
EU	Spanien	8	1400.01	1500	593.53
EU	Spanien	8	1500.01	1600	648.99
EU	Spanien	8	1600.01	1700	675.26
EU	Spanien	8	1700.01	1800	730.72
EU	Spanien	8	1800.01	1900	756.99
EU	Spanien	8	1900.01	2000	781.81
EU	Spanien	8	2000.01	2100	850.89
EU	Spanien	8	2100.01	2200	875.21
EU	Spanien	8	2200.01	2300	899.54
EU	Spanien	8	2300.01	2400	923.86
EU	Spanien	8	2400.01	2500	948.19
EU	Spanien	8	2500.01	3000	1109.22
EU	Spanien	8	3000.01	3500	1278.52
EU	Spanien	8	3500.01	4000	1401.61
EU	Spanien	8	4000.01	4500	1512.04
EU	Spanien	8	4500.01	5000	1621.5
EU	Spanien	9	0.01	50	45.93
EU	Spanien	9	50.01	100	68.5
EU	Spanien	9	100.01	150	88.25
EU	Spanien	9	150.01	200	108
EU	Spanien	9	200.01	300	151.79
EU	Spanien	9	300.01	400	200.73
EU	Spanien	9	400.01	500	249.57
EU	Spanien	9	500.01	600	283.82
EU	Spanien	9	600.01	700	329.85
EU	Spanien	9	700.01	800	375.68
EU	Spanien	9	800.01	900	421.31
EU	Spanien	9	900.01	1000	466.85
EU	Spanien	9	1000.01	1100	516.18
EU	Spanien	9	1100.01	1200	540.99
EU	Spanien	9	1200.01	1300	611.04
EU	Spanien	9	1300.01	1400	635.86
EU	Spanien	9	1400.01	1500	660.18
EU	Spanien	9	1500.01	1600	729.75
EU	Spanien	9	1600.01	1700	754.08
EU	Spanien	9	1700.01	1800	823.16
EU	Spanien	9	1800.01	1900	847
EU	Spanien	9	1900.01	2000	870.35
EU	Spanien	9	2000.01	2100	965.7
EU	Spanien	9	2100.01	2200	988.08
EU	Spanien	9	2200.01	2300	1010.46
EU	Spanien	9	2300.01	2400	1032.35
EU	Spanien	9	2400.01	2500	1054.73
EU	Spanien	9	2500.01	3000	1235.71
EU	Spanien	9	3000.01	3500	1408.9
EU	Spanien	9	3500.01	4000	1557.77
EU	Spanien	9	4000.01	4500	1695.45
EU	Spanien	9	4500.01	5000	1832.16
EU	Spanien	10	0.01	50	55.46
EU	Spanien	10	50.01	100	87.76
EU	Spanien	10	100.01	150	111.8
EU	Spanien	10	150.01	200	135.83
EU	Spanien	10	200.01	300	187.79
EU	Spanien	10	300.01	400	248.7
EU	Spanien	10	400.01	500	298.91
EU	Spanien	10	500.01	600	347.46
EU	Spanien	10	600.01	700	403.89
EU	Spanien	10	700.01	800	454.97
EU	Spanien	10	800.01	900	509.56
EU	Spanien	10	900.01	1000	563.76
EU	Spanien	10	1000.01	1100	647.53
EU	Spanien	10	1100.01	1200	670.88
EU	Spanien	10	1200.01	1300	768.18
EU	Spanien	10	1300.01	1400	791.05
EU	Spanien	10	1400.01	1500	814.4
EU	Spanien	10	1500.01	1600	901.97
EU	Spanien	10	1600.01	1700	924.84
EU	Spanien	10	1700.01	1800	1019.7
EU	Spanien	10	1800.01	1900	1042.08
EU	Spanien	10	1900.01	2000	1063.49
EU	Spanien	10	2000.01	2100	1182.68
EU	Spanien	10	2100.01	2200	1203.6
EU	Spanien	10	2200.01	2300	1224.03
EU	Spanien	10	2300.01	2400	1244.47
EU	Spanien	10	2400.01	2500	1264.9
EU	Spanien	10	2500.01	3000	1486.26
EU	Spanien	10	3000.01	3500	1722.21
EU	Spanien	10	3500.01	4000	1920.22
EU	Spanien	10	4000.01	4500	2108
EU	Spanien	10	4500.01	5000	2295.31
